pantalla 15 pulgadas,1852.3
pantalla 15 pulgadas,1852.3
pantalla 15 pulgadas,1852.3
pantalla 15 pulgadas,1852.3
pantalla 15 pulgadas,1852.3
pantalla 15 pulgadas,1852.3
pantalla 15 pulgadas,1852.3
pantalla 15 pulgadas,1852.3
pantalla 15 pulgadas,1852.3
pantalla 15 pulgadas,1852.3
pantalla 15 pulgadas,1852.3
pantalla 15 pulgadas,1852.3
pantalla 15 pulgadas,1852.3
pantalla 15 pulgadas,1852.3
pantalla 15 pulgadas,1852.3
pantalla 15 pulgadas,1852.3
pantalla 15 pulgadas,1852.3
pantalla 15 pulgadas,1852.3
pantalla 15 pulgadas,1852.3
pantalla 15 pulgadas,1852.3
pantalla 15 pulgadas,1852.3
pantalla 15 pulgadas,1852.3
pantalla 15 pulgadas,1852.3
pantalla 15 pulgadas,1852.3
pantalla 15 pulgadas,1852.3
pantalla 15 pulgadas,1852.3
pantalla 15 pulgadas,1852.3
pantalla 15 pulgadas,1852.3
pantalla 15 pulgadas,1852.3
pantalla 15 pulgadas,1852.3
pantalla 15 pulgadas,1852.3
pantalla 15 pulgadas,1852.3
pantalla 15 pulgadas,1852.3
pantalla 15 pulgadas,1852.3
pantalla 15 pulgadas,1852.3
pantalla 15 pulgadas,1852.3
pantalla 15 pulgadas,1852.3
pantalla 15 pulgadas,1852.3
pantalla 15 pulgadas,1852.3
pantalla 15 pulgadas,1852.3
pantalla 15 pulgadas,1852.3
pantalla 15 pulgadas,1852.3
pantalla 15 pulgadas,1852.3
pantalla 15 pulgadas,1852.3
pantalla 15 pulgadas,1852.3
pantalla 15 pulgadas,1852.3
pantalla 15 pulgadas,1852.3
pantalla 15 pulgadas,1852.3
pantalla 15 pulgadas,1852.3
pantalla 15 pulgadas,1852.3
pantalla 15 pulgadas,1852.3
pantalla 15 pulgadas,1852.3
pantalla 15 pulgadas,1852.3
pantalla 15 pulgadas,1852.3
pantalla 15 pulgadas,1852.3
pantalla 15 pulgadas,1852.3
pantalla 15 pulgadas,1852.3
pantalla 15 pulgadas,1852.3
pantalla 15 pulgadas,1852.3
pantalla 15 pulgadas,1852.3
pantalla 15 pulgadas,1852.3
pantalla 15 pulgadas,1852.3
pantalla 15 pulgadas,1852.3
pantalla 15 pulgadas,1852.3
pantalla 15 pulgadas,1852.3
pantalla 15 pulgadas,1852.3
pantalla 15 pulgadas,1852.3
pantalla 15 pulgadas,1852.3
pantalla 15 pulgadas,1852.3
pantalla 15 pulgadas,1852.3
pantalla 15 pulgadas,1852.3
pantalla 15 pulgadas,1852.3
pantalla 15 pulgadas,1852.3
pantalla 15 pulgadas,1852.3
pantalla 15 pulgadas,1852.3
pantalla 15 pulgadas,1852.3
pantalla 15 pulgadas,1852.3
pantalla 15 pulgadas,1852.3
pantalla 15 pulgadas,1852.3
pantalla 15 pulgadas,1852.3
pantalla 15 pulgadas,1852.3
pantalla 15 pulgadas,1852.3
pantalla 15 pulgadas,1852.3
pantalla 15 pulgadas,1852.3
pantalla 15 pulgadas,1852.3
pantalla 15 pulgadas,1852.3
pantalla 15 pulgadas,1852.3
pantalla 15 pulgadas,1852.3
pantalla 15 pulgadas,1852.3
pantalla 15 pulgadas,1852.3
pantalla 15 pulgadas,1852.3
pantalla 15 pulgadas,1852.3
pantalla 15 pulgadas,1852.3
pantalla 15 pulgadas,1852.3
pantalla 15 pulgadas,1852.3
pantalla 15 pulgadas,1852.3
pantalla 15 pulgadas,1852.3
pantalla 15 pulgadas,1852.3
pantalla 15 pulgadas,1852.3
pantalla 15 pulgadas,1852.3
pantalla 20 pulgadas,1852.3
pantalla 15 pulgadas,1852.3
pantalla 15 pulgadas,1852.3
pantalla 15 pulgadas,1852.3
pantalla 15 pulgadas,1852.3
